Club,Elo
Bayern München,2046
Arsenal,2040
Man City,2028
Barcelona,2024
Real Madrid,1972
Paris SG,1956
Internazionale,1946
Liverpool,1937
Atlético,1903
Dortmund,1900
Aston Villa,1895
Brighton,1891
Chelsea,1881
Newcastle,1879
Man United,1879
Sporting,1871
Leverkusen,1870
Flamengo,1869
Brentford,1862
Bournemouth,1861
Roma,1857
Palmeiras,1855
Benfica,1854
Juventus,1841
Porto,1839
Napoli,1833
Everton,1827
Crystal Palace,1824
Milan,1823
Stuttgart,1818
Betis,1818
Leeds,1817
RB Leipzig,1816
St Gillis,1812
Lens,1812
Zenit,1809
Brugge,1809
Fulham,1807
Atalanta,1807
Como,1806
Forest,1805
Monaco,1802
Lyon,1800
Villarreal,1798
Tottenham,1798
Galatasaray,1795
Freiburg,1790
PSV,1784
Ind del Valle,1783
Fenerbahçe,1780
Lille,1780
Bodø/Glimt,1779
Lazio,1777
West Ham,1777
Boca Juniors,1776
Cruzeiro,1775
Fluminense,1769
Real Sociedad,1769
FC Krasnodar,1764
Athletic Club,1764
Slavia Praha,1762
Marseille,1762
Rennes,1754
Bologna,1753
Celta,1750
Al Hilal,1747
Argentinos Junior,1745
Rayo Vallecano,1744
Mainz,1742
Strasbourg,1742
Valencia,1741
Frankfurt,1740
Sunderland,1737
Rosario Central,1735
River Plate,1732
Ind Rivadavia,1731
Braga,1730
Bahia,1729
Ath Paranaense,1728
Hoffenheim,1728
Toluca,1727
Wolves,1726
Atlético Nacional,1726
Sevilla,1725
Vélez Sarsfield,1725
Augsburg,1724
Estudiantes,1724
Alaves,1723
Spartak Moskva,1722
Fiorentina,1721
Santos,1721
Atlético Mineiro,1721
Olympiakos,1720
Girona,1720
Mirassol,1719
Feyenoord,1718
Osasuna,1717
Midtjylland,1716
São Paulo,1716
Corinthians,1713
Mallorca,1713
Cruz Azul,1712
Botafogo,1711
Vasco da Gama,1710
Racing Club,1710
La Roche VF,1709
Levante,1708
América,1708
LDU Quito,1707
Amed SK,1706
Novorizontino,1705
Paris FC,1705
AEK,1704
Belgrano,1703
Peñarol,1703
Elche,1701
Kashima Antlers,1701
Getafe,1700
Lanús,1699
Southampton,1699
Besiktas,1699
Sassuolo,1697
Espanyol,1697
Dynamo Moskva,1696
Udinese,1696
Almeria,1696
Huracán,1695
Ipswich,1694
FC Kobenhavn,1694
Eibar,1693
Internacional,1693
Viking,1693
Fortaleza,1693
Depor,1691
AZ,1691
Castellon,1691
Colo-Colo,1690
Frosinone,1690
Shakhtar,1689
Coventry,1689
Grêmio,1689
Independiente,1689
Bragantino,1689
Instituto,1688
Toulouse,1688
Lorient,1688
Werder,1688
Ajax,1687
Santander,1685
Uni Catolica,1685
Al Nassr,1685
CSKA Moskva,1684
Bolívar,1684
Nashville,1682
Gimnasia L,1682
Torino,1682
Sanfrecce Hiroshi,1680
Inter Miami,1680
Cagliari,1678
Wolfsburg,1677
Union Berlin,1676
Genk,1676
América de Cali,1676
Vissel Kobe,1675
Elversberg,1675
Lech,1674
Guadalajara,1674
Juventude,1673
Celtic,1673
FC Machida Zelvia,1673
Brest,1672
Dinamo Zagreb,1672
Gladbach,1672
Hamburg,1671
UANL,1670
PAOK,1670
Nice,1667
Vitória,1667
Malaga,1666
Twente,1666
Ferencvaros,1665
Criciúma,1665
Paderborn,1665
Trabzonspor,1664
Crvena Zvezda,1664
Anderlecht,1663
Uni de Chile,1662
Santa Fe,1661
Las Palmas,1661
Burgos,1661
Uni Católica,1661
Genoa,1660
Club Olimpia,1659
DIM,1659
RB Salzburg,1658
Cerro Porteño,1656
Hertha,1655
Macará,1655
Nacional,1654
LAFC,1654
Vancouver,1653
Köln,1652
Sparta Praha,1652
Panathinaikos,1652
Defensa y Justici,1652
Tigre,1652
Auxerre,1651
Al Ahli SFC,1650
Atl Goianiense,1650
Middlesbrough,1650
Schalke,1649
Parma,1648
Millonarios,1647
Palermo,1647
Tolima,1647
Philadelphia,1646
Pachuca,1646
Burnley,1646
Ceará,1646
Venezia,1645
Coritiba,1645
Omonia,1643
Nordsjaelland,1643
GyE Mendoza,1643
Barcelona,1643
Bucaramanga,1643
Cuiabá,1643
Monza,1642
Lugano,1642
Heidenheim,1640
Millwall,1639
Lok Moskva,1638
San Lorenzo,1637
LASK,1637
Talleres,1637
Oviedo,1636
Unión de Santa Fe,1636
Monterrey,1635
Coquimbo,1635
Atlético Tucumán,1635
Al Qadsiah,1634
Hull,1634
Reims,1634
Bandırmaspor,1634
Remo,1633
Platense,1632
Mamelodi Sundowns,1632
Gent,1632
Hannover,1631
Club Nacional,1631
Barracas Central,1631
CR Brasil,1631
Sturm Graz,1631
Viktoria Plzeň,1629
Başakşehir,1629
UNAM,1628
Kashiwa Reysol,1628
Newell's Old Boys,1628
Charleroi,1627
Gijon,1627
Vila Nova GO,1627
Godoy Cruz,1626
Madryn,1626
Náutico,1625
FC Tokyo,1625
Beer-Sheva,1625
Atlético Junior,1623
Hammarby,1622
Birmingham,1622
Goiás,1621
Always Ready,1621
St. Louis City,1620
Angers,1620
Legia,1619
Waasland-Beveren,1619
Central Córdoba,1618
Wrexham,1617
Guadalajara,1617
Sport,1617
Nürnberg,1617
Deportivo Morón,1617
Once Caldas,1617
Universitario,1616
Rangers,1616
Young Boys,1616
Sarmiento,1616
Tristan Suárez,1616
Alianza Lima,1616
Temperley,1615
Lecce,1615
Riestra,1615
Granada,1615
Seattle Sounders,1614
Swansea,1614
Tenerife,1614
Aucas,1613
Famalicao,1613
The Strongest,1613
Saint-Etienne,1612
St Truiden,1612
Djurgarden,1612
San Diego FC,1611
Norwich,1611
FC Dallas,1611
Maccabi Tel Aviv,1611
St Pauli,1611
São Bernardo,1610
Lincoln City,1610
Ferrocarril Midla,1610
Sheffield United,1609
Lautern,1607
Cremonese,1607
Le Havre,1606
Kawasaki Frontale,1606
Tijuana,1606
Guaraní,1605
Baltika,1605
Jagiellonia,1605
Charlotte,1604
FC Seoul,1604
Libertad,1603
Sportivo Triniden,1603
Troyes,1603
Operário,1603
Jeonbuk FC,1603
Bochum,1601
Karabakh Agdam,1601
Aarhus,1600
Chicago Fire,1600
Leganes,1600
Göztepe,1600
Banfield,1599
Columbus,1599
O'Higgins,1598
Deportivo Cali,1598
Cordoba,1598
GE Jujuy,1598
Al Ahly,1598
Cannes,1597
Le Mans,1596
Athletic,1596
NYC FC,1596
Samsunspor,1596
Albacete,1595
St. Gallen,1595
Cincinnati,1595
Libertad de Loja,1595
Larnaca,1595
Torque,1594
Yokohama F. Marin,1593
Querétaro,1592
Liverpool,1591
West Brom,1590
Eldense,1590
Orlando City,1590
FC Andorra,1590
Ferro,1590
Cerezo Osaka,1589
Pyramids FC,1588
Paphos,1588
Villarreal B,1588
Al Ittihad,1588
Brann,1588
Houston Dynamo,1588
Rakow,1587
Chapecoense,1586
Kocaelispor,1586
Audax Italiano,1586
Atlante,1586
Sabadell,1585
Nijmegen,1585
Holstein,1585
Standard,1584
SM Tucuman,1583
Maipú,1583
Gimnasia y Tiro d,1583
Viborg,1583
Rubin Kazan,1583
Gornik,1583
Rostov,1583
San Juan,1583
Pogon,1582
Urawa Reds,1582
Darmstadt,1582
Bristol City,1582
Craiova,1582
Maldonado,1582
Antwer,1582
Estudiantes de Ca,1581
Erzurum,1581
Atlanta,1580
Leicester,1580
Hajduk,1580
Magdeburg,1580
Red Star,1580
Verona,1580
Dynamo Kyiv,1580
Montpellier,1579
Sion,1579
Alanyaspor,1579
Levski,1578
Brondby,1577
Ponferradina,1577
Nantes,1576
Stade Malien,1576
Blackburn,1576
Sirius,1575
Westerlo,1575
Mirandes,1575
Utrecht,1574
Catanzaro,1574
Racing,1573
Thun,1573
Santa Clara,1573
Atlas,1572
Bodrum,1572
Guayaquil,1572
Arouca,1572
QPR,1572
Mushuc Runa,1571
Avaí,1571
Bielefeld,1571
Rapid Wien,1571
FAR,1571
Palestino,1571
Tromsø,1571
Juventud Torremol,1570
Daejeon Hana Citi,1570
Guimaraes,1570
Leones del Norte,1569
Emelec,1569
Derby,1569
Rizespor,1569
Cardiff,1569
RC Celta B,1569
Shabab Al Ahli Cl,1568
San Jose,1568
NE Revolution,1568
Rosenborg,1568
Metz,1568
Gyoer,1567
Zulte Waregem,1567
Real Sociedad B,1567
Colón de Santa Fe,1567
Ñublense,1567
Çorum FK,1567
CA Ceuta,1567
Karlsruhe,1567
Kasimpasa,1566
Ferroviária S,1566
Colegiales de Mun,1566
Orlando Pirates,1566
Aldosivi,1565
León,1565
Gangwon FC,1565
Rodez,1564
Tractor Sazi,1564
Gil Vicente,1564
Sabah FK,1563
Gamba Osaka,1563
Cadiz,1563
Minnesota Utd,1563
Basel,1562
Vicenza,1562
Botafogo S,1562
2 de Mayo,1561
Johor Darul Ta’zi,1561
Hradec Kralove,1561
Sportivo Ameliano,1561
Genclerbirligi,1559
Huesca,1559
Stoke,1559
Al Ain,1559
Zaragoza,1559
San Luis,1558
Fagiano Okayama,1558
Limache,1558
Modena,1557
Everton,1557
Portland Timbers,1557
Melgar,1557
Düsseldorf,1557
Molde,1557
Dresden,1556
Real Madrid B,1556
Orense,1556
Elfsborg,1556
Malmö,1556
Osnabrück,1555
Annecy,1555
Spezia,1555
Figueirense,1555
Stockport,1554
Portsmouth,1554
Atletico B,1554
LA Galaxy,1554
Benevento,1554
Slovan,1554
Quilmes,1554
Valladolid,1554
Chengdu Rongcheng,1553
Kyoto Purple Sang,1552
Nagoya Grampus,1552
Deportivo Sapriss,1552
Heerenveen,1552
Katowice,1552
Slovan Liberec,1552
Extremadura,1551
Go Ahead Eagles,1551
Plymouth,1551
Terek Grozny,1551
Union Brescia,1550
Rijeka,1550
Águilas Doradas,1550
Sporting Cristal,1550
Zamora,1550
Servette FC,1549
Cottbus,1549
Maccabi Haifa,1549
Razgrad,1549
Pontevedra,1549
Cuenca,1549
Maringá PR,1549
GAIS,1548
Al Sadd,1548
Austin,1548
Moreirense,1548
Barcelona B,1547
Hearts,1547
Austria Wien,1547
Huachipato,1547
Polissya Zhytomyr,1547
Real Jaen,1546
Kryliya Sovetov,1546
Persepolis,1546
Guarani,1546
Charlton,1546
Mechelen,1546
Ulsan,1546
Dijon,1546
Alcorcon,1546
CE Europa,1545
Botafogo PB,1545
Iraklis,1545
Real Salt Lake,1545
Gimcheon Sangmu,1544
Esteghlal,1544
Inter de Limeira,1544
Deportivo Táchira,1544
Jablonec,1544
LD Alajuelense,1544
Wisla,1544
Luton,1543
Cercle Brugge,1543
Murcia,1542
ES Tunis,1542
Mantova,1542
JS Saoura,1542
Raja,1542
Shanghai Port FC,1541
Colorado Rapids,1541
Gaziante,1541
Santa Cruz,1541
Real Potosi,1541
Pisa,1541
New York RB,1541
Río Cuarto,1540
Empoli,1540
Sant Andreu,1540
CFR Cluj,1540
Necaxa,1539
Korona,1539
Ciudad de Bolívar,1539
Beijing Guoan,1539
Juventud,1539
Agropecuario,1539
Incheon United,1538
Alverca,1538
Konyaspor,1538
Defensores de Bel,1537
Carabobo FC,1537
Bolton,1537
CS Herediano,1537
Südtirol,1537
Fortaleza,1537
Verl,1537
Beitar,1537
UD Ibiza,1537
Brusque,1535
Deportes Concepci,1535
Llaneros,1534
Berkane,1534
Ascoli,1534
Real Garcilaso,1534
Auckland FC,1534
Almirante Brown,1534
Oxford,1533
Häcken,1533
Rostock,1533
Chaco For Ever,1533
Cienciano,1533
Juve Stabia,1532
Lugo,1532
Aachen,1531
Wanderers,1531
Jeju SK FC,1531
Deportivo Recolet,1531
Essen,1531
Apollon Lemesos,1531
Patronato,1530
Pasto,1530
Piast Gliwice,1530
Dunkerque,1529
Shimizu S-Pulse,1529
Antequera,1529
Hartberg,1529
Hapoel Tel Aviv,1528
Luzern,1528
Logrones,1528
Eyupspor,1527
Watford,1527
Fürth,1527
AIK,1527
Defensor,1527
Groningen,1526
CA Los Andes,1526
Cultural Leonesa,1526
Preston,1525
Aris Limassol,1525
Rouen,1525
Mjällby,1525
CSA AL,1525
Aris,1525
Numancia,1524
Buriram United,1524
Zamalek,1524
FC DAC 1904,1524
Cesena,1524
América Mineiro,1524
Maranhao,1523
Reading,1522
Avellino,1522
Unión Magdalena,1522
Guingam,1521
Cartagena,1520
Retrô - PE,1520
Makhachkala,1520
Ourense,1520
Inter Turku,1520
La Calera,1520
Plock,1519
Londrina,1519
Bradford,1519
Vikingur,1518
El Nacional,1518
Lubin,1518
Huddersfield,1518
FC La Unión Atlét,1518
Amazonas,1518
Nueva Chicago,1518
Sverdlovsk,1517
Pohang Steelers,1517
Universitatea Clu,1517
Atlético Rafaela,1517
Deportivo Garcila,1517
Orenburg,1517
SD Tarazona,1517
Sochaux,1517
Chacarita Juniors,1516
Central Español,1516
Toronto FC,1516
Silkeborg,1516
Lillestrøm,1515
Celje,1515
Estoril,1515
All Boys,1515
Atlanta United,1514
Barakaldo,1514
Shanghai Shenhua,1514
Padova,1513
Floresta,1513
Boston River,1513
Entella,1512
Kayseri,1512
San Telmo,1512
Unionistas,1511
V-Varen Nagasaki,1511
Braunschweig,1511
Grosseto,1511
FC Fleury 91,1511
Cerro Largo,1511
Caxias,1511
Rapid Bucuresti,1511
General Caballero,1511
Treviso FBC 1993,1511
Athletic Club B,1511
Randers,1510
Leuven,1510
Lechia,1510
Sigma Olomouc,1510
Avispa Fukuoka,1510
Dinamo Bucuresti,1510
Grenoble,1510
Mitre de SdE,1510
Brescia,1509
Yokohama FC,1509
Técnico Uni,1509
Tarragona,1509
Wycombe,1508
Ac Viseu,1508
Alianza Petrolera,1508
Tokyo Verdy,1507
Juárez,1507
Rodina Moskva,1507
Albion,1507
Excelsior,1506
Racing de Córdoba,1506
Metropolitanos FC,1506
Arsenal de Sarand,1506
FC Anyang,1506
Antalyaspor,1505
Ravenna,1505
NK Varteks,1505
Delfín,1505
Almagro,1505
Paysandu,1504
Amorebieta,1504
Sivasspor,1504
Arezzo,1504
Mazatlán,1504
Hercules,1504
KS Cracovia,1504
Widzew,1504
Melbourne City FC,1503
CSKA Sofia,1503
Aarau,1503
Karagümrük,1503
Bari,1502
Anápolis GO,1502
Fès,1502
Västerås,1502
San Miguel,1501
Teplice,1501
Danubio,1501
Karpaty,1500
Arka,1500
Sampdoria,1500
Fredrikstad,1500
Algeciras,1500
Münster,1500
Lommel,1500
CP Cacereño,1499
Göteborg,1499
Volta Redonda,1499
FK Riga,1499
DC United,1499
Nancy,1498
Clermont,1498
Ferrol,1498
APOEL,1498
Vinotinto,1497
Catania,1497
Rio Ave,1497
La Equidad,1497
Pau,1497
Le Puy Foot 43,1497
Odense,1496
Suwon FC,1496
Mlada Boleslav,1496
Maritimo,1496
Estrela Amadora,1495
Wolfsberg,1495
Sparta,1495
Salernitana,1494
La Serena,1494
Europa,1494
Thionville Lusita,1494
Duisburg,1494
Cobresal,1493
Cherkasy,1493
Casa Pia,1493
Motor Lublin,1492
Mansfield,1492
TP Mazembe,1492
Steaua,1492
Akron Tolyatti,1492
Nizhny Novgorod,1492
Ajaccio,1491
Puebla,1491
Versailles,1491
Merida,1491
York City,1490
Ituano,1489
Montréal,1489
FK Sochi,1489
Sestao,1489
CA Antoniano,1489
Sarpsborg,1489
Ypiranga - RS,1488
Zrinjski Mostar,1488
Sittard,1488
FC Khimki,1488
Iquique,1488
Radomiak,1487
Sandefjord,1487
Motherwell,1487
Al Draih,1487
SonderjyskE,1487
Ingolstadt,1486
OFI,1486
Alianza Atlético,1486
Rubio Nu,1486
Cúcuta,1486
Kuopio,1486
Mito HollyHock,1486
Paksi,1486
alvarado,1486
Borac Banja Luka,1485
Atlético Baleares,1485
MC Alger,1485
Saint-Eloi Lupopo,1485
Shandong Taishan,1485
Saarbrücken,1484
Boluspor,1484
Feralpisalò,1484
Santos Laguna,1484
Daegu FC,1484
Fakel Voronezh,1484
Laval,1484
Pereira,1483
Blackpool,1483
Nacional Potosí,1483
Ried,1483
Maribor,1483
Hibernian,1483
Carrarese,1483
Barra SC,1482
Deportivo La Guai,1482
Trento,1482
Louisville City,1482
Sheffield Weds,1482
Barnet FC,1481
Reggiana,1481
Nacional,1481
Partizan,1481
Dender,1481
CF Talavera,1481
Shonan Bellmare,1480
Puskas Akademia,1480
NEOM,1480
La Louviére,1480
sporting-cp-b,1479
Melbourne Victory,1479
Sportivo Luqueño,1479
Central Norte,1479
Noah,1479
Boulogne,1478
FC Fredericia,1478
Al Hilal Omdurman,1478
Cambridge,1478
CD Estepona,1478
Stevenage FC,1477
Slask,1477
Trnava,1477
Sepahan,1477
Lausanne,1477
PS Kalamata,1476
Linares,1475
Bastia,1475
Club Aurora,1475
Bucheon FC 1995,1475
SD Eibar B,1474
Cittadella,1474
ABC,1474
Cerro,1473
Martigues,1473
Alcoyano,1473
Envigado,1473
Banik Ostrava,1472
Academia Puerto C,1472
Universidad Centr,1472
Tondela,1472
Spartak Kostroma,1472
Club Africain,1472
Guadalajara,1471
Amiens,1471
Olimpija Ljubljan,1471
München 60,1471
Plaza Colonia,1471
Nieciecza,1471
Suwon Bluewings,1470
Boyacá Chicó,1470
Valerenga,1470
Real Union,1470
Al Ettifaq,1469
Koper,1469
Zuerich,1469
UCAM Murcia,1468
Unión Española,1468
Viktoria Köln,1467
Bukovyna,1466
Orleans,1466
Barnsley,1466
Casertana,1465
Rotor Volgograd,1465
Potenza,1465
Sydney FC,1465
Zwolle,1465
Zira,1465
Aviles,1464
Charleston,1464
İstanbulspor AŞ,1464
UD SS Reyes,1464
Western United,1464
CS Sfaxien,1464
Tombense,1464
Doncaster,1463
Vizela,1463
Kryvbas,1463
Caen,1463
Manta,1463
Torreense,1463
Wieczysta Kraków,1463
Wehen,1463
Al Wasl,1462
Novi Sad,1462
Bohemians,1462
Águilas FC,1462
Betis B,1462
Žilina,1462
CE Andratx,1462
Osasuna B,1461
Al Taawoun,1461
Leyton Orient,1461
GAK,1460
Pescara,1460
Xerez,1460
Osijek,1459
Recreativo,1459
Newcastle United,1458
Teruel,1458
Segoviana,1458
Notts County,1458
Zorya,1458
Uni de Concepción,1458
Levadeiakos,1458
FK Maxline Vitebs,1457
Neftçi PFK,1457
Zbrojovka Brno,1457
Ternana,1457
Sporting KC,1457
Arenas de Getxo,1457
Kfum,1457
Al Wahda,1456
Al Rayyan,1456
Concarneau,1456
Sacramento,1456
Young Africans,1456
Yeclano,1455
Regensburg,1455
Leiria,1455
Scafatese Calcio,1455
Acassuso,1455
Torpedo Moskva,1455
MK Dons,1454
Metalist 1925,1454
CF Intercity,1454
Adelaide United,1453
FK RFS,1453
AD Confianca SE,1452
Crotone,1451
Güemes de SdE,1451
Catania,1451
Sd Tarazona,1451
Fuenlabrada,1451
Brommapojkarna,1451
Ararat-Armenia,1451
CSKA 1948 Sofia,1451
Al Duhail SC,1451
FK Kairat,1450
Albirex Niigata,1450
Los Chankas,1450
Jaguares,1450
Torrent CF,1448
Grasshoppers,1448
SD Logroñés,1448
Shkendija,1448
Telstar,1448
Ham-Kam,1448
Turan Tovuz,1448
Marino de Luanco,1447
Wattens,1447
Lusitania FC Lour,1447
Gwangju FC,1447
Bromley,1447
Dinamo Minsk,1447
Dortmund II,1445
Altach,1445
Kortrijk,1444
Deportivo Fabril,1444
FK Astana,1443
Peterboro,1443
CS Cartaginés,1443
Progreso,1443
Atlético Tembetar,1443
Boavista,1443
Istra 1961,1442
Heracles,1442
River Plate,1442
BW Linz,1442
Kolos,1442
Norrköping,1442
Petro Atlético,1441
Ponte Preta,1441
Wigan,1441
Vejle,1441
Chesterfield,1440
Debrecen,1440
Calcio Lecco 1912,1440
CD Coria,1440
Atromitos,1440
UD Melilla,1440
SC Farense,1440
Real Avilés,1439
Salford,1439
Pardubice,1439
Grau,1439
Blooming,1439
Wydad,1439
CD Guabirá,1438
Oţelul Galaţi,1438
Waldhof,1437
CR Bélouizdad,1437
Sport Huancayo,1437
Yverdon Sport,1437
Taranto,1437
Tampa Bay,1437
Marbella FC,1436
Atalanta II,1436
UTA Arad,1436
Bravo,1436
Den Haag,1436
AVS Futebol,1436
Miramar Misiones,1435
Juventus II,1435
Audace Cerignola,1434
Valencia B,1434
Lok Zagreb,1434
AZ Picerno,1434
Penafiel,1433
Burton,1433
Arges Pitesti,1433
Motagua,1432
Karvina,1432
Sepsi,1432
Lyngby,1431
Getafe CF B,1430
Sport Boys,1430
Vasas SC,1430
Quevilly,1430
Giana Erminio,1429
Stuttgart II,1429
New Mexico Utd,1429
Itabaiana,1429
Farul,1429
Caracas FC,1428
Zhejiang Professi,1428
Yunnan Yukun,1428
Al Jazira Club,1428
Ceramica Cleopatr,1427
SL Benfica B,1427
Crotone,1427
K Beerschot VA,1426
Tianjin Jinmen Ti,1426
Torremolinos,1425
Ordabasy,1425
Grimsby,1425
JEF United Ichiha,1425
Dinamo Tiranë,1424
Hoffenheim II,1424
Salamanca CF UDS,1424
Qingdao West Coas,1423
Exeter City,1423
Kalmar,1422
Ujpest,1422
Ulm,1422
AFC Wimbledon,1422
Casarano,1421
Portuguesa FC,1421
Oriente Petrolero,1421
KACM,1421
Orihuela,1421
Yenisey,1421
Sevilla B,1420
El Paso Locomotiv,1420
Pakhtakor Tashken,1420
Monopoli,1420
Talleres RdE,1420
San Antonio Bulo,1420
FUS,1419
Rhode Island FC,1419
Sanluqueño,1419
Walsall,1418
Kristiansund,1418
Al Shabab,1418
Port FC,1418
Egnatia Rrogozhin,1418
Zárate,1417
Utebo FC,1417
Detroit City,1417
Kongsvinger,1417
Leixoes,1416
Felgueiras,1416
HJK Helsinki,1416
CD Arenteiro,1416
Alcione Milano,1416
Bangkok United,1415
Tanger,1415
Dundee United,1415
FC Tulsa,1415
Panetolikos,1415
Ospitaletto,1415
Lustenau,1414
Shamrock,1414
Ind Petrolero,1414
Klagenfurt,1414
Valenciennes,1414
Öster,1414
Monopoli,1413
Aalborg,1413
Pyunik,1413
Renate AC,1413
Shinnik Jaroslawl,1413
FC Arzignano Valc,1412
Drita,1412
Puszcza Niepołomi,1412
AD Tarma,1411
Al Hazm,1410
Campobasso,1410
GV San José,1410
Colorado Springs,1410
Valur,1409
Touarga,1409
Stromsgodset,1409
Kaizer Chiefs,1409
AS Maniema Union,1409
Zalaegerszegi,1409
Central Coast Mar,1409
Horsens,1409
Calcio Desenzano,1408
Cambuur,1408
Anzoátegui FC,1408
Netanya,1408
Dalian Yingbo,1407
Henan Songshan Lo,1407
Volendam,1407
CDT Real Oruro,1407
Hannover II,1407
Klaksvik,1407
Botosani,1407
Hatayspor,1406
Lumezzane,1406
Hapoel Haifa,1406
Sandhausen,1406
St Patricks,1406
Willem II,1405
Real Ávila CF,1405
Virtus Verona,1405
Anorthosis,1405
Pittsburgh,1405
Port Vale,1405
Potenza,1405
Fleetwood Town,1405
Chaves,1404
Stade Briochin,1404
Aue,1404
US Monastir,1404
Inter II,1403
Crewe,1403
Union Omaha,1403
Asteras Tripolis,1403
Juan Pablo II Col,1403
Arda,1403
Trapani,1402
Degerfors,1402
Swindon,1402
AD San Carlos,1402
Aubagne,1402
Petrolul Ploiesti,1401
Slaven Belupo,1400
Ilves Tampere,1400
Al Kholood,1400
Torres,1400
Cosenza,1400
Nyiregyhaza,1400
AlbinoLeffe,1400
Vaduz,1399
Slovacko,1399
Vardar,1398
CDA Navalcarnero,1398
MTK,1398
Hartford Athletic,1398
US Pianese,1398
Terrassa,1398
Stade Tunisien,1397
Aalesund,1397
HNK Gorica,1397
Macarthur FC,1397
JS Kabylie,1397
Atalanta II,1396
Perugia,1396
Ratchaburi FC,1396
FC Chelyabinsk,1395
FC Porto B,1395
Breda,1395
Milford,1395
Western Sydney Wa,1395
Neman Grodno,1394
UD Almería B,1394
Cavese,1394
Majadahonda,1393
Nimes,1392
Albinoleffe,1392
Winterthur,1392
Wellington Phoeni,1392
Wadi Degla FC,1391
N Carolina FC,1391
Casertana,1391
Sporting CP B,1391
FC Cajamarca,1391
Trento,1390
Almere,1390
Waalwijk,1390
Al Fateh,1390
Hermannstadt,1390
Kauno Zalgiris,1390
AmaZulu FC,1390
Monagas,1390
Colchester,1389
AEL Limassol,1389
Chongqing Tonglia,1389
Veles Moskva,1389
Estudiantes de Mé,1389
Tula,1389
Sekhukhune United,1389
Comerciantes Unid,1388
Rotherham,1388
Dundee,1388
FK Semey,1387
AE Kifisias,1387
Arzignano,1387
Lexington SC,1387
Noworossisk,1387
Municipal Liberia,1387
Novara,1387
Real Tomayapo,1387
Puntarenas FC,1386
Stal Mielec,1386
Videoton,1386
Sheriff Tiraspol,1386
Al Masry Club,1386
FC Nasaf,1385
Sporting FC,1385
Chateauroux,1385
Start,1385
Al-Faisaly,1384
Auckland City,1384
Oldham,1384
Unterhaching,1383
Kecskemeti,1383
AD Guanacasteca,1383
Stjarnan,1383
FK Ufa,1383
KAMAZ,1383
Falkirk,1382
Binacional,1382
Örgryte,1382
Bristol Rovers,1382
Paris 13 Atletico,1382
FK Železiarne Pod,1381
Turan Tovuz,1381
Alianza Universid,1381
Al Shorta,1381
Olympiakos Nicosi,1381
Portimonense,1381
Az Picerno Asd,1381
Juventus U23,1381
Aberdeen,1381
FK Sarajevo,1381
Pacos Ferreira,1381
Étoile du Sahel,1380
Agadir,1380
Halmstad,1379
Hapoel Jerusalem,1379
Zlín,1378
Jorge Wilstermann,1378
Renate,1378
Breidablik,1378
Trapani,1378
St Mirren,1378
GS Kallithea,1377
Sorrento,1377
Villefranche,1377
Al Fayha,1377
Ironi Tiberias,1377
Meknés,1376
Oleksandriya,1376
KF Ballkani,1375
Stellenbosch FC,1375
Triestina,1375
CD Quintanar Del,1374
SSD Barletta 1922,1374
AS Ostia Mare Lid,1374
H Petach Tikva,1374
Zemamra,1373
Juan Pablo II Col,1373
FC Iberia 1999,1373
Novara,1373
Al Khaleej,1373
Giugliano,1372
El Jadida,1372
Kilmarnock,1372
NFC Volos,1372
Železničar Pančev,1372
Phoenix Rising,1371
Aktobe,1371
AF Elbasani,1371
Corvinul Hunedoar,1370
Neftchi Farg'ona,1370
Tobol,1370
Universitario de,1370
Cheltenham,1369
ZED FC,1369
Kisvarda,1369
Olympique Dcheira,1369
Voluntari,1369
Levadia Tallinn,1369
San Antonio FC,1369
KF Prishtina,1369
Safi,1368
Feirense,1368
Espanyol Barcelon,1368
Dinamo Tbilisi,1368
Vorskla,1368
Gubbio,1368
St Johnstone,1368
Dukla,1368
FC Politehnica Ia,1367
The New Saints,1367
Veres,1367
Yacoub,1366
Livorno,1366
Bohemians Dublin,1366
Spal,1366
Epitsentr,1365
Academica,1364
National Bank SC,1364
Torpedo Zhodino,1363
Pineto,1362
Seinajoki,1362
AE Lárissa,1361
FC Košice,1361
Guidonia Montecel,1361
Kragujevac,1360
Zamora,1360
Hamrun,1360
Cherno More,1360
Damac FC,1360
Real Valladolid B,1360
Bryne,1359
Lecco,1359
Botev Plovdiv,1359
Foggia,1358
Kiryat Shmona,1358
Sharjah FC,1358
Lucchese,1358
Vllaznia,1357
Bourg-Peronnas,1357
Honved,1356
CD Tudelano,1356
Giana Erminio,1356
Petrocub,1356
Al Riyadh,1356
FK Neftekhimik,1356
Dinamo Brest,1356
RFC Liège,1356
Patro Eisden MM,1356
FC Turris,1355
FC Volga Ulyanovs,1355
Havelse,1355
Shelbourne,1355
SSD Savoia 1908 F,1355
Alanya,1354
Vis Pesaro,1353
Wuhan Three Towns,1353
Cavese,1353
Haugesund,1352
Perth Glory,1352
Al Shamal SC,1352
Värnamo,1351
Brisbane Roar,1350
Vitesse,1350
CD Alavés B,1350
Lincoln,1350
Modern Future FC,1349
Derry City,1349
Siracusa Calcio,1349
Future FC,1349
Rimini,1348
Liaoning Shenyang,1348
Omonia Aradippou,1348
Abha,1348
SD Gernika,1348
Diosgyori,1347
Al Gharafa,1347
Forli,1347
SKA-Khabarovsk,1347
Atert Bissen,1346
Golden Arrows,1346
Gillingham,1346
Rukh Lviv,1345
Altamura,1345
Rochdale AFC,1345
Backa Topola,1345
Orange County,1345
Indy Eleven,1344
UCV Moquegua,1344
Alcione Milano,1343
Northampton,1343
Santos de Guápile,1343
CD Mafra,1342
De Graafscha,1342
FK Čukarički,1342
OFK,1342
Accrington Stanle,1341
Dila Gori,1341
Petrojet,1341
Al Ra’ed,1341
Torpedo Kutaisi,1340
Ayacucho FC,1340
Runavik,1340
Zalgiris Vilnius,1340
Ashdod,1339
Pergolettese,1339
ENPPI,1338
Sibenik,1338
MFK Zemplín Micha,1338
Roda,1338
Al Arabi,1338
ABB,1338
FK Novi Pazar,1337
Sileks,1337
Escaldes,1336
SuperSport United,1336
Rayo Zuliano,1336
Marumo Gallants,1335
HB Torshavn,1335
Latina,1334
Tyumen,1333
Sambenedettese,1333
UD Oliveirense,1333
Oakland Roots,1333
Latina,1332
Partizani Tirana,1332
US Pergolettese 1,1331
M Petach Tikva,1330
Banants,1330
Shenzhen Peng Cit,1330
Zimbru,1330
Panserraikos,1330
Bnei Sakhinin,1330
Vukovar 91,1330
Lumezzane,1329
Adana Demirspor,1329
Crawley,1329
UTC,1329
Al Merrikh SC,1329
Alashkert,1328
Achnas,1328
Ebro,1328
Tétouan,1328
Polokwane City FC,1327
Al Wakrah,1327
Team Altamura,1327
Ayacucho FC,1327
Eny Digenis Ipson,1327
Sportivo San Lore,1327
Unirea Slobozia,1327
Siwelele,1326
Al Orobah,1326
Partick,1326
Giugliano,1325
Livyi Bereh,1325
Municipal Pérez Z,1325
KF Malisheva,1325
IMT Beograd,1325
Carpi,1325
Coleraine,1325
Differdang,1324
Cape Town City FC,1324
Lok Plovdiv,1324
Inhulets,1322
Larne,1322
FK Csikszereda,1321
Messina,1321
Pro Patria,1321
Pro Vercelli,1321
Shrewsbury,1321
Espérance Zarzis,1321
Chernomorets,1320
Amarante,1320
Slavia Sofia,1320
Tranmere,1319
Sorrento,1319
FK Auda,1319
Keshla,1319
Legnago Salus,1318
Dolomiti,1318
Las Vegas Lights,1318
Araz-Naxçıvan PFK,1317
Carlisle,1316
Newport County,1316
Pro Vercelli,1316
Radnik Surdulica,1315
Langreo,1315
Aluminij,1314
FK Leningradets,1314
Sestri Levante,1314
Hapoel Eran Hader,1313
Podgorica,1313
US Mondorf,1313
Royal AM,1312
Venlo,1312
Obolon,1310
Mladost Lucani,1310
Ittihad El Iskand,1309
Akritas Chlorakas,1309
Radomlje,1309
Harrogate,1308
Al Mokawloon,1308
Alianza Universid,1308
US Ben Guerdane,1308
Bra,1306
Birmingham Legion,1306
Emmen,1306
Brinje Grosuplje,1304
Al Okhdood,1304
Jong AZ,1304
Ruzomberok,1303
UNA Strassen,1303
Zeljeznicar,1303
Nafta,1303
FK MAS Táborsko,1303
PetroJet FC,1303
Soualem,1303
Smouha Sporting C,1302
Nea Salamis,1302
TS Galaxy,1302
El Gouna,1302
Maccabi Bnei Rain,1301
Changchun Yatai,1301
Barrow,1301
Miami FC,1301
Triestina,1300
AS Trenčín,1298
Lamia,1298
Al Wehda,1297
Tala'ea El Gaish,1297
MFK Skalica,1296
Linfield,1296
Atletico Astorga,1295
Djoliba AC,1295
Al Ahli Doha,1294
Panevezys,1294
Imisli FK,1294
AC Milan II,1294
Coruxo FC,1293
Lok Sofia,1292
Loudoun United,1292
Pontedera,1292
Ghazl Al Mehalla,1291
Botev Vratsa,1291
Mura,1290
Floriana,1290
ES Métlaoui,1290
Chippa United,1290
Morecambe,1289
Livingston,1289
Qingdao Yizhong H,1287
Karmiotissa Polem,1286
Richards Bay FC,1286
Qatar SC,1286
Liepajas,1286
Domzale,1286
Dordrecht,1286
Radnički Niš,1285
Sokol Saratov,1285
Durban City,1285
Power Dynamos,1284
Santa Coloma,1283
Velez Mostar,1282
Paide Linnameesko,1281
Inter Baku,1280
JS Omrane,1280
Charlotte Ind,1280
BATE,1279
Meizhou Hakka,1279
Sumqayit,1279
KFC Komárno,1278
CA Bizertin,1278
Sutjeska,1278
FC Kudrivka,1277
Spartak Varna,1277
Foggia,1276
Vado,1276
Kahraba,1276
FK Krumovgrad,1273
Ross County,1271
Jong PSV,1271
Den Bosch,1271
FK Chayka,1270
FC Hegelmann,1270
Gloria Buzau,1270
Academia Anzoateg,1269
FC Eindhoven,1267
Yaracuyanos FC,1265
Víkingur,1265
Monterey Bay FC,1264
Al Shahaniya,1263
Arbroath,1262
Schweinfurt,1262
Beroe Stara Zagor,1261
Santa Ana,1261
Caldiero Terme,1260
Banga Gargždai,1260
Magesi FC,1259
FK Javor,1259
1. FC Tatran Preš,1259
Macva Sabac,1258
Kapaz PFK,1257
Marsaxlokk,1257
Dudelange,1256
Flora Tallinn,1255
Pharco FC,1254
Banska Bystrica,1254
Haras El Hodood,1253
Ayr United,1253
Primorje,1253
Maastricht,1252
Avenir de La Mars,1251
KF Dukagjini,1251
GD Sagrada Espera,1251
Umm-Salal,1250
US Folgore Carate,1249
Ivanovo,1248
Akureyri,1248
Dunfermline,1248
TOP Oss,1247
Metaloglobus Bucu,1246
Sabail,1245
Nomme Kalju,1245
Glentoran,1245
Yaracuyanos FC,1245
Birkirkara,1245
Milsami Orhei,1245
Helmond Sport,1242
Septemvri Sofia,1239
Ghazl Al Mehalla,1238
Olympique Béja,1238
BFC Daugavpils,1238
Trujillanos FC,1236
FK Mornar,1233
Kazincbarcika BSC,1232
Dynamo České Budě,1231
AS Soliman,1229
Virtus Verona,1228
ASKO Kara,1227
AS Pirae,1226
FK Gabala,1224
Al-Sailiya SC,1221
Hibernians Paola,1221
JS Kairouanaise,1221
Jong Utrecht,1215
Jong Ajax,1215
Decic,1213
Artis Brno,1213
Ismaily,1211
APR FC,1206
Tekstilac Odžaci,1204
St Josephs,1204
Brooklyn,1204
Atlétic Escaldes,1202
Spartak Subotica,1195
EGS Gafsa,1191
Pro Patria,1191
Mohammédia,1188
Clodiense,1187
Omonia 29is Maiou,1187
Rudes Zagreb,1187
Stade Abidjan,1186
SK Poltava,1185
FK Dobrudzha,1185
El Hodood,1184
UD Mutilvera,1183
Al Khor SC,1181
Krusevac,1181
Rabotnicki,1180
R Letzebuerg,1178
Valletta,1177
Enosis Neao,1177
Hebar Pazardzhik,1172
Orbit College,1167
Al Najma,1165
AS Gabès,1162
US Tataouine,1161
Dunav Ruse,1160
Jedinstvo Ub,1160
Marumo Gallants,1155
Montana 1921,1152
Rivers United FC,1151
Cliftonville,1145
Connahs Quay,1145
Petrovac,1137
SS Virtus,1136
Shafa,1134
Penybont FC,1130
Spaeri FC,1129
Dungannon,1125
Karvan Evlakh,1112
PRK Hekari United,1110
La Fiorita,1102
Sporting JAX,1100
Kruger United,1088
AS Tiga Sport,1085
Zemun,1076
Caernarfon Town,1074
Rewa FC,1070
Ifira Black Bird,1059
Haverfordwest,1040
FCB Magpies,1036
IF Vestri,974
Tre Fiori,966
Central Coast FC,918
Tupapa Maraerenga,330
